{
  "packages": [
    {
      "name": "esp32",
      "maintainer": "Espressif Systems",
      "websiteURL": "https://github.com/espressif/arduino-esp32",
      "email": "hristo@espressif.com",
      "help": {
        "online": "http://esp32.com"
      },
      "platforms": [
        {
          "name": "esp32",
          "architecture": "esp32",
          "version": "",
          "category": "ESP32",
          "url": "",
          "archiveFileName": "",
          "checksum": "",
          "size": "",
          "help": {
            "online": ""
          },
          "boards": [
            {
              "name": "ESP32 Dev Module"
            },
            {
              "name": "WEMOS LoLin32"
            }
          ],
          "toolsDependencies": [
            {
              "packager": "esp32",
              "name": "xtensa-esp32-elf-gcc",
              "version": "1.22.0-61-gab8375a-5.2.0"
            },
            {
              "packager": "esp32",
              "name": "esptool",
              "version": "4dab24e"
            },
            {
              "packager": "esp32",
              "name": "mkspiffs",
              "version": "0.2.1"
            }
          ]
        }
      ],
      "tools": [
        {
          "name": "xtensa-esp32-elf-gcc",
          "version": "1.22.0-61-gab8375a-5.2.0",
          "systems": [
            {
              "host": "i686-mingw32",
              "url": "https://dl.espressif.com/dl/xtensa-esp32-elf-win32-1.22.0-61-gab8375a-5.2.0-2.zip",
              "archiveFileName": "xtensa-esp32-elf-win32-1.22.0-61-gab8375a-5.2.0-2.zip",
              "checksum": "SHA-256:c00dbdab8e8acc273d4aa319a74f7bb1d9496c843159823201d685359174168f",
              "size": "76346909"
            },
            {
              "host": "x86_64-apple-darwin",
              "url": "https://dl.espressif.com/dl/xtensa-esp32-elf-osx-1.22.0-61-gab8375a-5.2.0.tar.gz",
              "archiveFileName": "xtensa-esp32-elf-osx-1.22.0-61-gab8375a-5.2.0.tar.gz",
              "checksum": "SHA-256:89a9a6084ec032ddcd4bdae37b428e533ed5fd0c0ab6b66ddf703e4b3f83d6e4",
              "size": "40481812"
            },
            {
              "host": "x86_64-pc-linux-gnu",
              "url": "https://dl.espressif.com/dl/xtensa-esp32-elf-linux64-1.22.0-61-gab8375a-5.2.0.tar.gz",
              "archiveFileName": "xtensa-esp32-elf-linux64-1.22.0-61-gab8375a-5.2.0.tar.gz",
              "checksum": "SHA-256:b74333fd7f622f035fee7c4e0ca57c3e2ccb2515de5d901f33e87e79cdf0d4f9",
              "size": "37674568"
            },
            {
              "host": "i686-pc-linux-gnu",
              "url": "https://dl.espressif.com/dl/xtensa-esp32-elf-linux32-1.22.0-61-gab8375a-5.2.0.tar.gz",
              "archiveFileName": "xtensa-esp32-elf-linux32-1.22.0-61-gab8375a-5.2.0.tar.gz",
              "checksum": "SHA-256:dbb342b7c377a7c3a1fcccc60fa1193332d0c37e6a90c5075d3471c13c9e94ad",
              "size": "41032647"
            }
          ]
        },
        {
          "name": "esptool",
          "version": "a420774",
          "systems": [
            {
              "host": "i686-mingw32",
              "url": "https://dl.espressif.com/dl/esptool-a420774-windows.zip",
              "archiveFileName": "esptool-a420774-windows.zip",
              "checksum": "SHA-256:7778545baa30a85a37a956e47e42a236fa67227f21b160b2164ef83a5e20a41f",
              "size": "3394137"
            },
            {
              "host": "x86_64-apple-darwin",
              "url": "https://dl.espressif.com/dl/esptool-a420774-macos.tar.gz",
              "archiveFileName": "esptool-a420774-macos.tar.gz",
              "checksum": "SHA-256:1a6237b695fe299357bfd78a9727564464a00e020bc7c7a4cf6fad02250eb2a2",
              "size": "3808980"
            }
          ]
        },
        {
          "name": "mkspiffs",
          "version": "0.2.1",
          "systems": [
            {
              "host": "i686-mingw32",
              "url": "https://github.com/igrr/mkspiffs/releases/download/0.2.1/mkspiffs-0.2.1-windows.zip",
              "archiveFileName": "mkspiffs-0.2.1-windows.zip",
              "checksum": "SHA-256:baf7b661f8f6128300a33ca20a2158fd9d0bcdad389c4424f913fe3ad08d2dd5",
              "size": "347207"
            },
            {
              "host": "x86_64-apple-darwin",
              "url": "https://github.com/igrr/mkspiffs/releases/download/0.2.1/mkspiffs-0.2.1-osx.tar.gz",
              "archiveFileName": "mkspiffs-0.2.1-osx.tar.gz",
              "checksum": "SHA-256:66e71f20d72fd7c5a75e016b5d88d51793558e68b0e069142dbe8ac1de30a431",
              "size": "122716"
            },
            {
              "host": "i386-apple-darwin",
              "url": "https://github.com/igrr/mkspiffs/releases/download/0.2.1/mkspiffs-0.2.1-osx.tar.gz",
              "archiveFileName": "mkspiffs-0.2.1-osx.tar.gz",
              "checksum": "SHA-256:66e71f20d72fd7c5a75e016b5d88d51793558e68b0e069142dbe8ac1de30a431",
              "size": "122716"
            },
            {
              "host": "x86_64-pc-linux-gnu",
              "url": "https://github.com/igrr/mkspiffs/releases/download/0.2.1/mkspiffs-0.2.1-linux64.tar.gz",
              "archiveFileName": "mkspiffs-0.2.1-linux64.tar.gz",
              "checksum": "SHA-256:cca5e947b4c953d4a2b15bae2cd69e052e20c6ac1975ec5d887596a37a24b41a",
              "size": "49281"
            },
            {
              "host": "i686-pc-linux-gnu",
              "url": "https://github.com/igrr/mkspiffs/releases/download/0.2.1/mkspiffs-0.2.1-linux32.tar.gz",
              "archiveFileName": "mkspiffs-0.2.1-linux32.tar.gz",
              "checksum": "SHA-256:7ac82238f703ec97e2a1c2be65665cff055ad91fccf976ff34a95f63bb80a20a",
              "size": "47944"
            },
            {
              "host": "arm-linux-gnueabihf",
              "url": "https://github.com/igrr/mkspiffs/releases/download/0.2.1/mkspiffs-0.2.1-linux-armhf.tar.gz",
              "archiveFileName": "mkspiffs-0.2.1-linux-armhf.tar.gz",
              "checksum": "SHA-256:2c2ae495502c054919ee03c9222eaf15fbdd3b45410129b5d978eb49845389c0",
              "size": "43965"
            }
          ]
        }
      ]
    }
  ]
}
